<?xml version="1.0" encoding="UTF-8"?>
<config xmlns:xsi="http://www.w3.org/2001/XMLSchema-instance"
    xmlns="http://www.ehcache.org/v3"
    xmlns:jsr107="http://www.ehcache.org/v3/jsr107"
    xsi:schemaLocation="
            http://www.ehcache.org/v3 http://www.ehcache.org/schema/ehcache-core-3.0.xsd
            http://www.ehcache.org/v3/jsr107 http://www.ehcache.org/schema/ehcache-107-ext-3.0.xsd">
 
    <cache alias="travelOrderNumberCache">
        <key-type>java.lang.String</key-type>
        <value-type>io.github.mariazevedo88.travelsjavaapi.model.travel.Travel</value-type>
        <expiry>
            <ttl unit="minutes">1</ttl>
        </expiry>
 
        <listeners>
            <listener>
                <class>io.github.mariazevedo88.travelsjavaapi.util.logging.CacheEventLogger</class>
                <event-firing-mode>ASYNCHRONOUS</event-firing-mode>
                <event-ordering-mode>UNORDERED</event-ordering-mode>
                <events-to-fire-on>CREATED</events-to-fire-on>
                <events-to-fire-on>EXPIRED</events-to-fire-on>
            </listener>
        </listeners>
 
        <resources>
            <heap unit="entries">2</heap>
            <offheap unit="MB">10</offheap>
        </resources>
    </cache>
    
    <cache alias="travelIdCache">
        <key-type>java.lang.Long</key-type>
        <value-type>io.github.mariazevedo88.travelsjavaapi.model.travel.Travel</value-type>
        <expiry>
            <ttl unit="minutes">1</ttl>
        </expiry>
 
        <listeners>
            <listener>
                <class>io.github.mariazevedo88.travelsjavaapi.util.logging.CacheEventLogger</class>
                <event-firing-mode>ASYNCHRONOUS</event-firing-mode>
                <event-ordering-mode>UNORDERED</event-ordering-mode>
                <events-to-fire-on>CREATED</events-to-fire-on>
                <events-to-fire-on>EXPIRED</events-to-fire-on>
            </listener>
        </listeners>
 
        <resources>
            <heap unit="entries">2</heap>
            <offheap unit="MB">10</offheap>
        </resources>
    </cache>
 
</config>